Workbook

Sheet Summary_Dashboard
A1: DSP & SSA — E2E Testing Summary Dashboard | April 2026
A2: This sheet provides a KPI overview of testing progress. Values update automatically when you edit the data sheets.
A4: Section | B4: Total Rows | C4: Passed | D4: Completed | E4: In Progress | F4: Failed/Blocked | G4: Not Started | H4: % Done
A5: ⚠ Manual update required: After filling data in DSP/SSA sheets, update the counts in rows below OR use COUNTIF formulas referencing those sheets.
A6: DSP Manual — PT | B6: =COUNTIFS('DSP_Manual'!D6:D40,"PT") | C6: =COUNTIFS('DSP_Manual'!D6:D40,"PT",'DSP_Manual'!G6:G40,"Passed") | D6: =COUNTIFS('DSP_Manual'!D6:D40,"PT",'DSP_Manual'!G6:G40,"Completed") | E6: =COUNTIFS('DSP_Manual'!D6:D40,"PT",'DSP_Manual'!G6:G40,"In Progress") | F6: =COUNTIFS('DSP_Manual'!D6:D40,"PT",'DSP_Manual'!G6:G40,"Failed")+COUNTIFS('DSP_Manual'!D6:D40,"PT",'DSP_Manual'!G6:G40,"Blocked")+COUNTIFS('DSP_Manual'!D6:D40,"PT",'DSP_Manual'!G6:G40,"Connectivity Failing") | G6: =COUNTIFS('DSP_Manual'!D6:D40,"PT",'DSP_Manual'!G6:G40,"")+COUNTIFS('DSP_Manual'!D6:D40,"PT",'DSP_Manual'!G6:G40,"Not Started") | H6: =IF(B6=0,0,ROUND((B6+C6)/B6*100,1))
A7: DSP Manual — UAT | B7: =COUNTIFS('DSP_Manual'!D6:D40,"UAT") | C7: =COUNTIFS('DSP_Manual'!D6:D40,"UAT",'DSP_Manual'!G6:G40,"Passed") | D7: =COUNTIFS('DSP_Manual'!D6:D40,"UAT",'DSP_Manual'!G6:G40,"Completed") | E7: =COUNTIFS('DSP_Manual'!D6:D40,"UAT",'DSP_Manual'!G6:G40,"In Progress") | F7: =COUNTIFS('DSP_Manual'!D6:D40,"UAT",'DSP_Manual'!G6:G40,"Failed")+COUNTIFS('DSP_Manual'!D6:D40,"UAT",'DSP_Manual'!G6:G40,"Blocked")+COUNTIFS('DSP_Manual'!D6:D40,"UAT",'DSP_Manual'!G6:G40,"Connectivity Failing") | G7: =COUNTIFS('DSP_Manual'!D6:D40,"UAT",'DSP_Manual'!G6:G40,"")+COUNTIFS('DSP_Manual'!D6:D40,"UAT",'DSP_Manual'!G6:G40,"Not Started") | H7: =IF(B7=0,0,ROUND((B7+C7)/B7*100,1))
A8: DSP Auto — PT | B8: =COUNTIFS('DSP_Auto'!D6:D40,"PT") | C8: =COUNTIFS('DSP_Auto'!D6:D40,"PT",'DSP_Auto'!G6:G40,"Passed") | D8: =COUNTIFS('DSP_Auto'!D6:D40,"PT",'DSP_Auto'!G6:G40,"Completed") | E8: =COUNTIFS('DSP_Auto'!D6:D40,"PT",'DSP_Auto'!G6:G40,"In Progress") | F8: =COUNTIFS('DSP_Auto'!D6:D40,"PT",'DSP_Auto'!G6:G40,"Failed")+COUNTIFS('DSP_Auto'!D6:D40,"PT",'DSP_Auto'!G6:G40,"Blocked")+COUNTIFS('DSP_Auto'!D6:D40,"PT",'DSP_Auto'!G6:G40,"Connectivity Failing") | G8: =COUNTIFS('DSP_Auto'!D6:D40,"PT",'DSP_Auto'!G6:G40,"")+COUNTIFS('DSP_Auto'!D6:D40,"PT",'DSP_Auto'!G6:G40,"Not Started") | H8: =IF(B8=0,0,ROUND((B8+C8)/B8*100,1))
A9: DSP Auto — UAT | B9: =COUNTIFS('DSP_Auto'!D6:D40,"UAT") | C9: =COUNTIFS('DSP_Auto'!D6:D40,"UAT",'DSP_Auto'!G6:G40,"Passed") | D9: =COUNTIFS('DSP_Auto'!D6:D40,"UAT",'DSP_Auto'!G6:G40,"Completed") | E9: =COUNTIFS('DSP_Auto'!D6:D40,"UAT",'DSP_Auto'!G6:G40,"In Progress") | F9: =COUNTIFS('DSP_Auto'!D6:D40,"UAT",'DSP_Auto'!G6:G40,"Failed")+COUNTIFS('DSP_Auto'!D6:D40,"UAT",'DSP_Auto'!G6:G40,"Blocked")+COUNTIFS('DSP_Auto'!D6:D40,"UAT",'DSP_Auto'!G6:G40,"Connectivity Failing") | G9: =COUNTIFS('DSP_Auto'!D6:D40,"UAT",'DSP_Auto'!G6:G40,"")+COUNTIFS('DSP_Auto'!D6:D40,"UAT",'DSP_Auto'!G6:G40,"Not Started") | H9: =IF(B9=0,0,ROUND((B9+C9)/B9*100,1))
A10: SSA / GenAI | B10: =COUNTA('SSA_GenAI'!H4:H40)-COUNTBLANK('SSA_GenAI'!H4:H40)+8 | C10: =COUNTIF('SSA_GenAI'!H4:H40,"Passed") | D10: =COUNTIF('SSA_GenAI'!H4:H40,"Completed") | E10: =COUNTIF('SSA_GenAI'!H4:H40,"In Progress") | F10: =COUNTIF('SSA_GenAI'!H4:H40,"Failed")+COUNTIF('SSA_GenAI'!H4:H40,"Blocked")+COUNTIF('SSA_GenAI'!H4:H40,"Connectivity Failing") | G10: =COUNTIF('SSA_GenAI'!H4:H40,"")+COUNTIF('SSA_GenAI'!H4:H40,"Not Started") | H10: =IF(B10=0,0,ROUND((B10+C10)/B10*100,1))
A13: Status Colour Legend
A14: Passed | C14: Completed | E14: In Progress | G14: Failed
A15: Blocked | C15: Connectivity Failing | E15: Not Started

Sheet DSP_Manual
A1: DSP E2E Testing — Manual Testing Opportunities | April 2026
A2: Track testing progress per tester, environment, and SG. Use dropdowns for ENV, SG, Status.
A3: ► PT (Pre-Testing) Rows
A4: # | B4: Tester | C4: Module | D4: ENV | E4: SG | F4: Deal ID | G4: Status | H4: Comments | I4: Last Edited By | J4: Last Edited At | K4: Notes
A5: 1 | B5: kalpana@example.com | C5: DSP | D5: PT | E5: SI | F5: 12486005
A6: 3 | B6: harshitha@example.com | C6: DSP | D6: PT | E6: AMS | F6: 12486005
A7: 5 | B7: reshma@example.com | C7: DSP | D7: PT | E7: BPMS | F7: 12486005
A8: 7 | B8: saikumar@example.com | C8: DSP | D8: PT | E8: IMS | F8: 12486005
A10: ► UAT (User Acceptance Testing) Rows
A11: # | B11: Tester | C11: Module | D11: ENV | E11: SG | F11: Deal ID | G11: Status | H11: Comments | I11: Last Edited By | J11: Last Edited At | K11: Notes
A12: 2 | B12: swati@example.com | C12: DSP | D12: UAT | E12: SI | F12: 12481592
A13: 4 | B13: nayak@example.com | C13: DSP | D13: UAT | E13: AMS | F13: 12481592
A14: 6 | B14: sushmetha@example.com | C14: DSP | D14: UAT | E14: BPMS | F14: 12481592
A15: 8 | B15: naveena@example.com | C15: DSP | D15: UAT | E15: IMS | F15: 12481592

Sheet DSP_Auto
A1: DSP E2E Testing — Automation Testing Opportunities | April 2026
A2: Track testing progress per tester, environment, and SG. Use dropdowns for ENV, SG, Status.
A3: ► PT (Pre-Testing) Rows
A4: # | B4: Tester | C4: Module | D4: ENV | E4: SG | F4: Deal ID | G4: Status | H4: Comments | I4: Last Edited By | J4: Last Edited At | K4: Notes
A5: 1 | B5: haritha@example.com | C5: DSP | D5: PT | E5: SI | F5: 12486006
A6: 3 | B6: pratik@example.com | C6: DSP | D6: PT | E6: AMS | F6: 12486006
A7: 5 | B7: varadha@example.com | C7: DSP | D7: PT | E7: BPMS | F7: 12486006
A8: 7 | B8: saikumar@example.com | C8: DSP | D8: PT | E8: IMS | F8: 12486006
A10: ► UAT (User Acceptance Testing) Rows
A11: # | B11: Tester | C11: Module | D11: ENV | E11: SG | F11: Deal ID | G11: Status | H11: Comments | I11: Last Edited By | J11: Last Edited At | K11: Notes
A12: 2 | B12: prasanna@example.com | C12: DSP | D12: UAT | E12: SI | F12: 12481593
A13: 4 | B13: haripriya@example.com | C13: DSP | D13: UAT | E13: AMS | F13: 12481593
A14: 6 | B14: narmatha@example.com | C14: DSP | D14: UAT | E14: BPMS | F14: 12481593 | G14: In Progress
A15: 8 | B15: naveena@example.com | C15: DSP | D15: UAT | E15: IMS | F15: 12481593

Sheet SSA_GenAI
A1: SSA / GenAI Module Testing | April 2026
A2: Ensure configuration is applied to ALL deals before marking Passed/Completed.
A3: # | B3: Tester | C3: Module/Feature | D3: Deal ID 1 | E3: Deal ID 2 | F3: Deal ID 3 | G3: Deal ID 4 | H3: Status | I3: Last Edited By | J3: Last Edited At | K3: Notes
A4: 1 | B4: veena@example.com | C4: SSA/S2C
A5: 2 | B5: prasanna@example.com | C5: SSA/HSP
A6: 3 | B6: shyam@example.com | C6: SSA/ODI
A7: 4 | B7: naveena@example.com | C7: SSA/RFP
A8: 5 | B8: vignesh@example.com | C8: SSA/DLC
A9: 6 | B9: varadha@example.com | C9: SSA/S2C
A10: 7 | B10: saikumar@example.com | C10: SSA/CDAT
A11: 8 | B11: gayathri@example.com | C11: Document Management

Sheet Team_Data
A1: Team Roster | April 2026
A2: Full team assignments for DSP Manual, DSP Automation, SSA, and Upload tracks.
A3: # | B3: Name | C3: Track | D3: Modules / Assignment | E3: ENV
A4: 1 | B4: Kalpana | C4: DSP Manual | D4: SI (PT) | E4: PT
A5: 2 | B5: Swati | C5: DSP Manual | D5: SI (UAT) | E5: UAT
A6: 3 | B6: Harshitha | C6: DSP Manual | D6: AMS (PT) | E6: PT
A7: 4 | B7: Nayak | C7: DSP Manual | D7: AMS (UAT) | E7: UAT
A8: 5 | B8: Reshma | C8: DSP Manual | D8: BPMS (PT) | E8: PT
A9: 6 | B9: Sushmetha | C9: DSP Manual | D9: BPMS (UAT) | E9: UAT
A10: 7 | B10: Sai kumar | C10: DSP Manual | D10: IMS (PT) | E10: PT
A11: 8 | B11: Naveen A | C11: DSP Manual / SSA | D11: IMS (UAT) / RFP | E11: UAT
A12: 9 | B12: Haritha | C12: DSP Automation | D12: SI (PT) | E12: PT
A13: 10 | B13: Prasanna | C13: DSP Automation / SSA | D13: SI (UAT) / HSP | E13: UAT
A14: 11 | B14: Pratik | C14: DSP Automation | D14: AMS (PT) | E14: PT
A15: 12 | B15: HariPriya | C15: DSP Automation | D15: AMS (UAT) | E15: UAT
... A18: 15 | B18: Saikumar | C18: DSP Automation / SSA | D18: IMS (PT) / CDAT | E18: PT
A19: 16 | B19: Veena | C19: SSA | D19: S2C
A20: 17 | B20: Shyam | C20: SSA | D20: ODI
A21: 18 | B21: Vignesh | C21: SSA | D21: DLC
A22: 19 | B22: Gayathri | C22: SSA | D22: Document Management
A23: 20 | B23: Jabben | C23: Upload | D23: AMS, SI (PT) | E23: PT
A24: 21 | B24: NAVYA | C24: Upload | D24: AMS, SI (UAT) | E24: UAT
A25: 22 | B25: Komal | C25: Upload | D25: IMS, BPMS (PT) | E25: PT
A26: 23 | B26: Aruna | C26: Upload | D26: IMS, BPMS (UAT) | E26: UAT

Sheet How_To_Use
A1: DSP & SSA E2E Tracker — How To Use
A3: SHEET OVERVIEW
A4: • DSP_Manual — Track DSP Manual Testing per tester, env (PT/UAT), SG, and Deal ID.
A5: • DSP_Auto — Same structure for DSP Automation Testing.
A6: • SSA_GenAI — Track SSA/GenAI module testing with up to 4 Deal IDs per row.
A7: • Team_Data — Reference roster of all team members and their assignments.
A8: • Summary_Dashboard — Live KPI table with COUNTIFS formulas + % Done progress bar.
A10: EDITING DATA
A11: • Click any cell in a data row to edit. Status, ENV, and SG columns have dropdown lists.
A12: • Use the Status dropdown: Not Started / In Progress / Completed / Passed / Failed / Blocked / Connectivity Failing
A13: • ENV dropdown: PT (Pre-Testing), UAT (User Acceptance Testing).
A14: • SG dropdown: SI, AMS, BPMS, IMS.
... A30: • Save as .xlsx (Excel Workbook) to preserve all formatting and validations.
