Workbook

Sheet E2E_Tracker
A1: DSP & SSA — E2E Testing Tracker | May 2026
A2: PT Manual: 0012518935 | PT Auto: 0012518952 | UAT Manual: 0012511117 | UAT Auto: 0012511127
A3: ◈ SECTION 1 — DSP MANUAL TESTING OPPORTUNITIES
A4: ▶ PT (Pre-Testing) Deal ID: 0012518935
A5: # | B5: Tester | C5: Module | D5: ENV | E5: SG | F5: Deal ID | G5: Status | H5: Comments | I5: Last Edited By | J5: Last Edited At | K5: Notes
A6: 1 | B6: Kalpana | C6: DSP | D6: PT | E6: SI | F6: 0012518935
A7: 2 | B7: Harshitha | C7: DSP | D7: PT | E7: BPMS | F7: 0012518935
A8: 3 | B8: Reshma | C8: DSP | D8: PT | E8: IMS | F8: 0012518935
A9: 4 | B9: Sai kumar | C9: DSP | D9: PT | E9: AMS | F9: 0012518935
A21: ▶ UAT (User Acceptance Testing) Deal ID: 0012511117
A22: # | B22: Tester | C22: Module | D22: ENV | E22: SG | F22: Deal ID | G22: Status | H22: Comments | I22: Last Edited By | J22: Last Edited At | K22: Notes
A23: 1 | B23: Swati | C23: DSP | D23: UAT | E23: IMS | F23: 0012511117
A24: 2 | B24: Nayak | C24: DSP | D24: UAT | E24: AMS | F24: 0012511117
A25: 3 | B25: Sushmetha | C25: DSP | D25: UAT | E25: SI | F25: 0012511117
A26: 4 | B26: Naveen A | C26: DSP | D26: UAT | E26: BPMS | F26: 0012511117
A39: ◈ SECTION 2 — DSP AUTOMATION TESTING OPPORTUNITIES
A40: ▶ PT (Pre-Testing) Deal ID: 0012518952
A41: # | B41: Tester | C41: Module | D41: ENV | E41: SG | F41: Deal ID | G41: Status | H41: Comments | I41: Last Edited By | J41: Last Edited At | K41: Notes
A42: 1 | B42: Haritha | C42: DSP | D42: PT | E42: SI | F42: 0012518952
A43: 2 | B43: Pratik | C43: DSP | D43: PT | E43: IMS | F43: 0012518952
A44: 3 | B44: Varadha | C44: DSP | D44: PT | E44: AMS | F44: 0012518952
A45: 4 | B45: Saikumar | C45: DSP | D45: PT | E45: BPMS | F45: 0012518952
A57: ▶ UAT (User Acceptance Testing) Deal ID: 0012511127
A58: # | B58: Tester | C58: Module | D58: ENV | E58: SG | F58: Deal ID | G58: Status | H58: Comments | I58: Last Edited By | J58: Last Edited At | K58: Notes
A59: 1 | B59: Prasanna | C59: DSP | D59: UAT | E59: SI | F59: 0012511127
A60: 2 | B60: Santhwana | C60: DSP | D60: UAT | E60: BPMS | F60: 0012511127
A61: 3 | B61: Narmatha | C61: DSP | D61: UAT | E61: AMS | F61: 0012511127
A62: 4 | B62: Vignesh | C62: DSP | D62: UAT | E62: IMS | F62: 0012511127
A74: ◈ SECTION 3 — SSA / GenAI MODULE TESTING
A75: ⚠ Ensure configuration is applied to ALL deals before marking Passed/Completed.
A76: # | B76: Tester | C76: Module / Feature | D76: Deal ID 1 | E76: Deal ID 2 | F76: Deal ID 3 | G76: Deal ID 4 | H76: Status | I76: Last Edited By | J76: Last Edited At | K76: Notes
A77: 1 | B77: Naveen A | C77: SSA/RFP
A78: 2 | B78: HariPriya | C78: SSA/HSP
A79: 3 | B79: Veena | C79: SSA/S2C
A80: 4 | B80: Harshitha | C80: SSA/CDAT
A81: 5 | B81: Prasanna | C81: SSA/S2C
A82: 6 | B82: Gayathri | C82: SSA/ODI
A83: 7 | B83: Santhwana | C83: SSA/DLC
A84: 8 | B84: Prasanna | C84: Document Management

Sheet Summary_Dashboard
A1: DSP & SSA — E2E Testing Summary Dashboard | May 2026
A2: PT Manual: 0012518935 | PT Auto: 0012518952 | UAT Manual: 0012511117 | UAT Auto: 0012511127
A4: Section | B4: Total | C4: Passed | D4: Completed | E4: In Progress | F4: Failed/Blocked | G4: Not Started | H4: % Done
A5: DSP Manual — PT | B5: =COUNTIFS(E2E_Tracker!D6:D19,"PT") -> 4 | C5: =COUNTIFS(E2E_Tracker!D6:D19,"PT",E2E_Tracker!G6:G19,"Passed") -> 0 | D5: =COUNTIFS(E2E_Tracker!D6:D19,"PT",E2E_Tracker!G6:G19,"Completed") -> 0 | E5: =COUNTIFS(E2E_Tracker!D6:D19,"PT",E2E_Tracker!G6:G19,"In Progress") -> 0 | F5: =COUNTIFS(E2E_Tracker!D6:D19,"PT",E2E_Tracker!G6:G19,"Failed")+COUNTIFS(E2E_Tracker!D6:D19,"PT",E2E_Tracker!G6:G19,"Blocked")+COUNTIFS(E2E_Tracker!D6:D19,"PT",E2E_Tracker!G6:G19,"Connectivity Failing") -> 0 | G5: =COUNTIFS(E2E_Tracker!D6:D19,"PT",E2E_Tracker!G6:G19,"")+COUNTIFS(E2E_Tracker!D6:D19,"PT",E2E_Tracker!G6:G19,"Not Started") -> 4 | H5: =IF(B5=0,0,ROUND((C5+D5)/B5*100,1)) -> 0
A6: DSP Manual — UAT | B6: =COUNTIFS(E2E_Tracker!D23:D36,"UAT") -> 4 | C6: =COUNTIFS(E2E_Tracker!D23:D36,"UAT",E2E_Tracker!G23:G36,"Passed") -> 0 | D6: =COUNTIFS(E2E_Tracker!D23:D36,"UAT",E2E_Tracker!G23:G36,"Completed") -> 0 | E6: =COUNTIFS(E2E_Tracker!D23:D36,"UAT",E2E_Tracker!G23:G36,"In Progress") -> 0 | F6: =COUNTIFS(E2E_Tracker!D23:D36,"UAT",E2E_Tracker!G23:G36,"Failed")+COUNTIFS(E2E_Tracker!D23:D36,"UAT",E2E_Tracker!G23:G36,"Blocked")+COUNTIFS(E2E_Tracker!D23:D36,"UAT",E2E_Tracker!G23:G36,"Connectivity Failing") -> 0 | G6: =COUNTIFS(E2E_Tracker!D23:D36,"UAT",E2E_Tracker!G23:G36,"")+COUNTIFS(E2E_Tracker!D23:D36,"UAT",E2E_Tracker!G23:G36,"Not Started") -> 4 | H6: =IF(B6=0,0,ROUND((C6+D6)/B6*100,1)) -> 0
A7: DSP Auto — PT | B7: =COUNTIFS(E2E_Tracker!D42:D55,"PT") -> 4 | C7: =COUNTIFS(E2E_Tracker!D42:D55,"PT",E2E_Tracker!G42:G55,"Passed") -> 0 | D7: =COUNTIFS(E2E_Tracker!D42:D55,"PT",E2E_Tracker!G42:G55,"Completed") -> 0 | E7: =COUNTIFS(E2E_Tracker!D42:D55,"PT",E2E_Tracker!G42:G55,"In Progress") -> 0 | F7: =COUNTIFS(E2E_Tracker!D42:D55,"PT",E2E_Tracker!G42:G55,"Failed")+COUNTIFS(E2E_Tracker!D42:D55,"PT",E2E_Tracker!G42:G55,"Blocked")+COUNTIFS(E2E_Tracker!D42:D55,"PT",E2E_Tracker!G42:G55,"Connectivity Failing") -> 0 | G7: =COUNTIFS(E2E_Tracker!D42:D55,"PT",E2E_Tracker!G42:G55,"")+COUNTIFS(E2E_Tracker!D42:D55,"PT",E2E_Tracker!G42:G55,"Not Started") -> 4 | H7: =IF(B7=0,0,ROUND((C7+D7)/B7*100,1)) -> 0
A8: DSP Auto — UAT | B8: =COUNTIFS(E2E_Tracker!D59:D71,"UAT") -> 4 | C8: =COUNTIFS(E2E_Tracker!D59:D71,"UAT",E2E_Tracker!G59:G71,"Passed") -> 0 | D8: =COUNTIFS(E2E_Tracker!D59:D71,"UAT",E2E_Tracker!G59:G71,"Completed") -> 0 | E8: =COUNTIFS(E2E_Tracker!D59:D71,"UAT",E2E_Tracker!G59:G71,"In Progress") -> 0 | F8: =COUNTIFS(E2E_Tracker!D59:D71,"UAT",E2E_Tracker!G59:G71,"Failed")+COUNTIFS(E2E_Tracker!D59:D71,"UAT",E2E_Tracker!G59:G71,"Blocked")+COUNTIFS(E2E_Tracker!D59:D71,"UAT",E2E_Tracker!G59:G71,"Connectivity Failing") -> 0 | G8: =COUNTIFS(E2E_Tracker!D59:D71,"UAT",E2E_Tracker!G59:G71,"")+COUNTIFS(E2E_Tracker!D59:D71,"UAT",E2E_Tracker!G59:G71,"Not Started") -> 4 | H8: =IF(B8=0,0,ROUND((C8+D8)/B8*100,1)) -> 0
A9: SSA / GenAI | B9: =COUNTA(E2E_Tracker!H77:H94) -> 0 | C9: =COUNTIF(E2E_Tracker!H77:H94,"Passed") -> 0 | D9: =COUNTIF(E2E_Tracker!H77:H94,"Completed") -> 0 | E9: =COUNTIF(E2E_Tracker!H77:H94,"In Progress") -> 0 | F9: =COUNTIF(E2E_Tracker!H77:H94,"Failed")+COUNTIF(E2E_Tracker!H77:H94,"Blocked")+COUNTIF(E2E_Tracker!H77:H94,"Connectivity Failing") -> 0 | G9: =COUNTIF(E2E_Tracker!H77:H94,"")+COUNTIF(E2E_Tracker!H77:H94,"Not Started") -> 18 | H9: =IF(B9=0,0,ROUND((C9+D9)/B9*100,1)) -> 0
A12: Status Colour Legend
A13: Passed | C13: Completed | E13: In Progress | G13: Failed
A14: Blocked | C14: Connectivity Failing | E14: Not Started

Sheet Team_Data
A1: Team Roster | May 2026
A2: Full team assignments for DSP Manual, DSP Automation, SSA, and Upload tracks.
A3: ▶ PT — Pre-Testing
A4: # | B4: Name | C4: Track | D4: Modules / Assignment | E4: ENV
A5: 1 | B5: Kalpana | C5: DSP Manual | D5: SI (PT) | E5: PT
A6: 2 | B6: Harshitha | C6: DSP Manual | D6: AMS (PT) | E6: PT
A7: 3 | B7: Reshma | C7: DSP Manual | D7: BPMS (PT) | E7: PT
A8: 4 | B8: Sai kumar | C8: DSP Manual | D8: IMS (PT) | E8: PT
A9: 5 | B9: Haritha | C9: DSP Automation | D9: SI (PT) | E9: PT
A10: 6 | B10: Pratik | C10: DSP Automation | D10: AMS (PT) | E10: PT
A11: 7 | B11: Varadha | C11: DSP Automation / SSA | D11: BPMS (PT) / S2C | E11: PT
A12: 8 | B12: Saikumar | C12: DSP Automation / SSA | D12: IMS (PT) / CDAT | E12: PT
A13: 9 | B13: Jabben | C13: Upload | D13: SI (PT) | E13: PT
A14: 10 | B14: Komal | C14: Upload | D14: IMS (PT) | E14: PT
A16: ▶ UAT — User Acceptance Testing
A17: # | B17: Name | C17: Track | D17: Modules / Assignment | E17: ENV
A18: 11 | B18: Swati | C18: DSP Manual | D18: SI (UAT) | E18: UAT
A19: 12 | B19: Nayak | C19: DSP Manual | D19: AMS (UAT) | E19: UAT
A20: 13 | B20: Sushmetha | C20: DSP Manual | D20: BPMS (UAT) | E20: UAT
A21: 14 | B21: Naveen A | C21: DSP Manual / SSA | D21: IMS (UAT) / RFP | E21: UAT
A22: 15 | B22: Prasanna | C22: DSP Automation / SSA | D22: SI (UAT) / HSP | E22: UAT
A23: 16 | B23: HariPriya | C23: DSP Automation | D23: AMS (UAT) | E23: UAT
A24: 17 | B24: Narmatha | C24: DSP Automation | D24: BPMS (UAT) | E24: UAT
A25: 18 | B25: NAVYA | C25: Upload | D25: SI (UAT) | E25: UAT
A26: 19 | B26: Aruna | C26: Upload | D26: IMS (UAT) | E26: UAT
A28: ▶ SSA / No Specific ENV
A29: # | B29: Name | C29: Track | D29: Modules / Assignment | E29: ENV
A30: 20 | B30: Veena | C30: SSA | D30: S2C
A31: 21 | B31: Shyam | C31: SSA | D31: ODI
A32: 22 | B32: Vignesh | C32: SSA | D32: DLC
A33: 23 | B33: Gayathri | C33: SSA | D33: Document Management

Sheet How_To_Use
A1: DSP & SSA E2E Tracker — How To Use
A3: SHEET OVERVIEW
A4: • E2E_Tracker — Single combined sheet: DSP Manual (PT+UAT), DSP Auto (PT+UAT), SSA/GenAI.
A5: • Summary_Dashboard — Live KPI table with COUNTIFS formulas + % Done progress bars.
A6: • Team_Data — Reference roster of all team members and their assignments.
A8: DEAL IDs — MAY 2026 RELEASE
A9: PT Manual → 0012518935
A10: PT Auto → 0012518952
A11: UAT Manual → 0012511117
A12: UAT Auto → 0012511127
A14: EDITING DATA
A15: • Scroll down the E2E_Tracker sheet — sections are clearly labelled with dark banners.
... A35: • Save as .xlsx to preserve all formatting, dropdowns, and conditional formatting.
